{
    "tasks": {
        "task1_read_fhir_bundle": {
            "bundle_name": "",
            "transaction_type": "",
            "output_filename": "clinical_notes_output.txt",
            "resource_type": "",
            "resource_attribute": "",
            "addtional_resource_type":"",
            "addtional_resource_attribute":""
        },
        "task2_vector_db_and_genai_model_config": {
            "embedding_name": "",
            "input_clinical_note_file": "clinical_notes_output.txt",
            "model_name": ""
        },
        "task3_question_answering": {
            "questions": {
                "question1": "What allergies does the patient have? Answer correctly",
                "question2": "What medications is the patient currently taking? Answer correctly",
                "question3": "What immunizations has the patient received? Answer correctly",
                "question4": "What is the patient's primary diagnosis? Answer correctly",
                "question5": "What procedures were conducted on the patient? Answer correctly",
                "question6": "What treatments have been administered during the recent visit? Answer correctly",
                "question7": "What is the patient's history of present illness? Answer correctly",
                "question8": "What are the patient's vital info? Answer correctly",
                "question9": "What findings are mentioned in the patient's assessment and plan? Answer correctly",
                "question10": "What follow-up care is planned for the patient? Answer correctly"
            }
        }
    }
}
