{
    "question1": {
        "question": "What allergies does the patient have? Answer correctly",
        "model_answer": "No Known Allergies",
        "openai_answer": "The patient has no known allergies.",
        "bleu_score": 0,
        "rouge_l_f_score": 0.0,
        "meteor_score": 0.3289473684210526,
        "bert_score": 0.8895726799964905,
        "final_percentage": 88.95726799964905
    },
    "question2": {
        "question": "What medications is the patient currently taking? Answer correctly",
        "model_answer": "acetaminophen 21.7 mg/ml / dextromethorphan hydrobromide 1 mg/ml / doxylamine succinate 0.417 mg/ml oral solution Assessment",
        "openai_answer": "The patient is currently taking acetaminophen, dextromethorphan hydrobromide, and doxylamine succinate oral solution.",
        "bleu_score": 0.04331412720926564,
        "rouge_l_f_score": 0.35714285216836733,
        "meteor_score": 0.237312030075188,
        "bert_score": 0.8952069282531738,
        "final_percentage": 89.52069282531738
    },
    "question3": {
        "question": "What immunizations has the patient received? Answer correctly",
        "model_answer": "influenza, seasonal, injectable, preservative free, td (adult), 5 lf tetanus toxoid, preservative free, adsorbed, hep a, adult",
        "openai_answer": "The patient has received the following immunizations:\n- Influenza, seasonal, injectable, preservative free\n- TD (adult), 5 LF Tetanus toxoid, preservative free, adsorbed\n- Hep A, adult\n- COVID-19, mRNA, LNP-S, PF, 30 mcg/0.3 ml dose",
        "bleu_score": 0.047538497022933654,
        "rouge_l_f_score": 0.33333332903645835,
        "meteor_score": 0.43812316715542526,
        "bert_score": 0.8595219254493713,
        "final_percentage": 85.95219254493713
    },
    "question4": {
        "question": "What is the patient's primary diagnosis? Answer correctly",
        "model_answer": "stress",
        "openai_answer": "The patient's primary diagnosis based on the provided clinical note is not explicitly stated. The note primarily focuses on medication review, full-time employment, and stress as findings. There is no clear indication of a specific primary diagnosis.",
        "bleu_score": 2.3195228302435696e-16,
        "rouge_l_f_score": 0.06249999939453126,
        "meteor_score": 0.014970059880239523,
        "bert_score": 0.799382746219635,
        "final_percentage": 23.981482386589047
    },
    "question5": {
        "question": "What procedures were conducted on the patient? Answer correctly",
        "model_answer": "assessment of health and social care needs (procedure)",
        "openai_answer": "The procedures conducted on the patient are as follows:\n\n1. Assessment of health and social care needs\n2. Assessment of anxiety\n3. Screening for domestic abuse\n4. Assessment of substance use\n5. Assessment using alcohol use disorders identification test - consumption",
        "bleu_score": 0.01099723655259499,
        "rouge_l_f_score": 0.2790697644131963,
        "meteor_score": 0.17836842959995672,
        "bert_score": 0.8582438230514526,
        "final_percentage": 85.82438230514526
    },
    "question6": {
        "question": "What treatments have been administered during the recent visit? Answer correctly",
        "model_answer": "acetaminophen 21.7 mg/ml / dextromethorphan hydrobromide 1 mg/ml / doxylamine succinate 0.417 mg/ml oral solution Assessment",
        "openai_answer": "The treatments administered during the recent visit were as follows:\n\n1. Medication: \n   - Acetaminophen 21.7 mg/ml / Dextromethorphan hydrobromide 1 mg/ml / Doxylamine succinate 0.417 mg/ml oral solution\n\n2. Immunizations:\n   - Influenza, seasonal, injectable, preservative free\n   - Hepatitis A adult\n\n3. Procedures conducted:\n   - Assessment of health and social care needs\n   - Depression screening\n   - Depression screening using patient health questionnaire two-item score\n   - Assessment of substance use\n   - Screening for drug abuse\n\nThese treatments were administered during the visit on March 13, 2017",
        "bleu_score": 0.006684091496684236,
        "rouge_l_f_score": 0.3037974652780004,
        "meteor_score": 0.20705148963730569,
        "bert_score": 0.8776234984397888,
        "final_percentage": 87.76234984397888
    },
    "question7": {
        "question": "What is the patient's history of present illness? Answer correctly",
        "model_answer": "history of part-time employment (finding), medication review due (situation), not in labor force (finding), stress (finding)",
        "openai_answer": "The patient's history of present illness includes part-time employment, medication review due, not in labor force, and stress.",
        "bleu_score": 0.10535408752373242,
        "rouge_l_f_score": 0.5454545404958678,
        "meteor_score": 0.4213483146067415,
        "bert_score": 0.8929371237754822,
        "final_percentage": 89.29371237754822
    },
    "question8": {
        "question": "What are the patient's vital info? Answer correctly",
        "model_answer": "immunizations",
        "openai_answer": "The patient's vital information is as follows:\n- Date of Clinical note: 2021-05-03\n- Doctor: Dr. Leontine92 Schmeler639\n- Organization: BROCKTON HOSPITAL, INC.",
        "bleu_score": 0,
        "rouge_l_f_score": 0.0,
        "meteor_score": 0.0,
        "bert_score": 0.7704921364784241,
        "final_percentage": 23.114764094352722
    },
    "question9": {
        "question": "What findings are mentioned in the patient's assessment and plan? Answer correctly",
        "model_answer": "stress",
        "openai_answer": "In the patient's assessment and plan, the following findings are mentioned:\n\n1. Medication review due\n2. Full-time employment\n3. Stress\n\nIn the plan section, the following immunizations and procedures were administered:\n\nImmunizations:\n- Influenza\n- Seasonal\n- Injectable\n- Preservative free\n\nProcedures conducted:\n- Assessment of health and social care needs\n- Assessment of anxiety\n- Screening for domestic abuse\n- Assessment of substance use\n- Assessment using alcohol use disorders identification test - consumption",
        "bleu_score": 0,
        "rouge_l_f_score": 0.0,
        "meteor_score": 0.007396449704142012,
        "bert_score": 0.7778852581977844,
        "final_percentage": 23.336557745933533
    },
    "question10": {
        "question": "What follow-up care is planned for the patient? Answer correctly",
        "model_answer": "medication review due",
        "openai_answer": "The planned follow-up care for the patient includes:\n- Follow-up on medication review\n- Follow-up on stress management\n- Monitoring for any signs of anxiety or substance use\n- Monitoring for any signs of domestic abuse\n- Follow-up on the assessment of health and social care needs\n\nAdditionally, the patient should be scheduled for routine follow-up visits to assess their overall health and well-being.",
        "bleu_score": 3.127734988074819e-10,
        "rouge_l_f_score": 0.09090908963842975,
        "meteor_score": 0.03238341968911917,
        "bert_score": 0.8142482042312622,
        "final_percentage": 24.427446126937866
    }
}