{
    "question_answering": {
        "question1": {
            "question": "What allergies does the patient have? Answer correctly",
            "openai_answer": "The patient has no known allergies."
        },
        "question2": {
            "question": "What medications is the patient currently taking? Answer correctly",
            "openai_answer": "The patient is currently taking acetaminophen, dextromethorphan hydrobromide, and doxylamine succinate oral solution."
        },
        "question3": {
            "question": "What immunizations has the patient received? Answer correctly",
            "openai_answer": "The patient has received the following immunizations:\n- Influenza, seasonal, injectable, preservative free\n- TD (adult), 5 LF Tetanus toxoid, preservative free, adsorbed\n- Hep A, adult\n- COVID-19, mRNA, LNP-S, PF, 30 mcg/0.3 ml dose"
        },
        "question4": {
            "question": "What is the patient's primary diagnosis? Answer correctly",
            "openai_answer": "The patient's primary diagnosis based on the provided clinical note is not explicitly stated. The note primarily focuses on medication review, full-time employment, and stress as findings. There is no clear indication of a specific primary diagnosis."
        },
        "question5": {
            "question": "What procedures were conducted on the patient? Answer correctly",
            "openai_answer": "The procedures conducted on the patient are as follows:\n\n1. Assessment of health and social care needs\n2. Assessment of anxiety\n3. Screening for domestic abuse\n4. Assessment of substance use\n5. Assessment using alcohol use disorders identification test - consumption"
        },
        "question6": {
            "question": "What treatments have been administered during the recent visit? Answer correctly",
            "openai_answer": "The treatments administered during the recent visit were as follows:\n\n1. Medication: \n   - Acetaminophen 21.7 mg/ml / Dextromethorphan hydrobromide 1 mg/ml / Doxylamine succinate 0.417 mg/ml oral solution\n\n2. Immunizations:\n   - Influenza, seasonal, injectable, preservative free\n   - Hepatitis A adult\n\n3. Procedures conducted:\n   - Assessment of health and social care needs\n   - Depression screening\n   - Depression screening using patient health questionnaire two-item score\n   - Assessment of substance use\n   - Screening for drug abuse\n\nThese treatments were administered during the visit on March 13, 2017"
        },
        "question7": {
            "question": "What is the patient's history of present illness? Answer correctly",
            "openai_answer": "The patient's history of present illness includes part-time employment, medication review due, not in labor force, and stress."
        },
        "question8": {
            "question": "What are the patient's vital info? Answer correctly",
            "openai_answer": "The patient's vital information is as follows:\n- Date of Clinical note: 2021-05-03\n- Doctor: Dr. Leontine92 Schmeler639\n- Organization: BROCKTON HOSPITAL, INC."
        },
        "question9": {
            "question": "What findings are mentioned in the patient's assessment and plan? Answer correctly",
            "openai_answer": "In the patient's assessment and plan, the following findings are mentioned:\n\n1. Medication review due\n2. Full-time employment\n3. Stress\n\nIn the plan section, the following immunizations and procedures were administered:\n\nImmunizations:\n- Influenza\n- Seasonal\n- Injectable\n- Preservative free\n\nProcedures conducted:\n- Assessment of health and social care needs\n- Assessment of anxiety\n- Screening for domestic abuse\n- Assessment of substance use\n- Assessment using alcohol use disorders identification test - consumption"
        },
        "question10": {
            "question": "What follow-up care is planned for the patient? Answer correctly",
            "openai_answer": "The planned follow-up care for the patient includes:\n- Follow-up on medication review\n- Follow-up on stress management\n- Monitoring for any signs of anxiety or substance use\n- Monitoring for any signs of domestic abuse\n- Follow-up on the assessment of health and social care needs\n\nAdditionally, the patient should be scheduled for routine follow-up visits to assess their overall health and well-being."
        }
    }
}