{
    "question_answering": {
        "question1": {
            "question": "What allergies does the patient have? Answer correctly",
            "openai_answer": "Based on the provided clinical note, the patient has no known allergies."
        },
        "question2": {
            "question": "What medications is the patient currently taking? Answer correctly",
            "openai_answer": "The patient is currently taking ibuprofen 200 mg oral tablet."
        },
        "question3": {
            "question": "What immunizations has the patient received? Answer correctly",
            "openai_answer": "The patient has received the following immunizations:\n- Influenza, seasonal, injectable, preservative free\n- TD (adult), 5 LF tetanus toxoid, preservative free, adsorbed"
        },
        "question4": {
            "question": "What is the patient's primary diagnosis? Answer correctly",
            "openai_answer": "The patient's primary diagnosis is acute viral pharyngitis."
        },
        "question5": {
            "question": "What procedures were conducted on the patient? Answer correctly",
            "openai_answer": "The procedures conducted on the patient include:\n\n1. Measurement of respiratory function\n\nThese procedures were part of the assessment and plan for the patient presenting with acute bronchitis."
        },
        "question6": {
            "question": "What treatments have been administered during the recent visit? Answer correctly",
            "openai_answer": "During the recent visit, the following treatments were administered:\n\n1. The patient was prescribed an oral solution containing acetaminophen 21.7 mg/ml, dextromethorphan hydrobromide 1 mg/ml, and doxylamine succinate 0.417 mg/ml for symptomatic relief.\n\n2. The patient was placed on a care plan involving respiratory therapy to manage acute bronchitis."
        },
        "question7": {
            "question": "What is the patient's history of present illness? Answer correctly",
            "openai_answer": "The patient's history of present illness includes lack of access to transportation and stress."
        },
        "question8": {
            "question": "What are the patient's vital info? Answer correctly",
            "openai_answer": "The patient's vital information is as follows:\n- Gender: male\n- Age: 28 years old\n- Ethnicity: nonhispanic white\n- Marital Status: single\n- Smoking History: never smoked\n- Sexual Orientation: heterosexual\n- Socioeconomic Background: middle class\n- Education Level: high school\n- Insurance: Medicaid\n\nPlease note that there is no specific vital sign information such as blood pressure, heart rate, temperature, etc. provided in the clinical note."
        },
        "question9": {
            "question": "What findings are mentioned in the patient's assessment and plan? Answer correctly",
            "openai_answer": "Findings mentioned in the patient's assessment and plan include:\n- Hypertriglyceridemia\n- Metabolic syndrome X\n- Neuropathy due to type 2 diabetes mellitus\n- Social isolation"
        },
        "question10": {
            "question": "What follow-up care is planned for the patient? Answer correctly",
            "openai_answer": "The follow-up care planned for the patient includes:\n\n1. Continuing with the prescribed medication:\n   - ibuprofen 200 mg oral tablet\n\n2. Following the physiotherapy care plan as documented in the record artifact.\n\nIn addition to these, it is recommended to schedule a follow-up appointment or consultation to monitor the patient's progress and address any further concerns or developments."
        }
    }
}