{
    "question_answering": {
        "question1": {
            "question": "What allergies does the patient have? Answer correctly",
            "openai_answer": "The patient has no known allergies."
        },
        "question2": {
            "question": "What medications is the patient currently taking? Answer correctly",
            "openai_answer": "The patient is currently not taking any active medications."
        },
        "question3": {
            "question": "What immunizations has the patient received? Answer correctly",
            "openai_answer": "The patient has received the following immunizations: Hepatitis B (hep b) and adolescent or pediatric vaccines."
        },
        "question4": {
            "question": "What is the patient's primary diagnosis? Answer correctly",
            "openai_answer": "The patient's primary diagnosis is not specified in the provided clinical note."
        },
        "question5": {
            "question": "What procedures were conducted on the patient? Answer correctly",
            "openai_answer": "The procedures conducted on the patient were medication reconciliation."
        },
        "question6": {
            "question": "What treatments have been administered during the recent visit? Answer correctly",
            "openai_answer": "The treatments administered during the recent visit on 2024-03-24 were as follows:\n\n1. Immunizations:\n   - Hib (PRP-OMP)\n   - Varicella\n   - MMR (Measles, Mumps, Rubella)\n   - Pneumococcal conjugate PCV 13\n   - Hepatitis A\n   - Ped/adol (Pediatric/Adolescent)\n   - 2 doses of unspecified immunization\n\n2. Procedures:\n   - Medication Reconciliation\n\nThese treatments were provided during the visit to address the medication review due."
        },
        "question7": {
            "question": "What is the patient's history of present illness? Answer correctly",
            "openai_answer": "The patient, Dorine689, is a newborn non-Hispanic white female who presents with no complaints. She has a history of never smoking and comes from a middle socioeconomic background. The patient currently has Medicaid coverage. There are no known allergies, and she is not taking any active medications. The patient received the following immunizations: Hep B and adolescent or pediatric vaccines. The reason for presentation is a medication review."
        },
        "question8": {
            "question": "What are the patient's vital info? Answer correctly",
            "openai_answer": "The patient's vital information is as follows:\n- Name: Dorine689\n- Gender: Female\n- Ethnicity: Nonhispanic white\n- Age: Newborn\n- Smoking history: Never smoked\n- Socioeconomic background: Middle\n- Insurance: Medicaid\n- Allergies: No known allergies\n- Current medications: None\n- Immunizations received: Hepatitis B, adolescent or pediatric\n\nPlease note that specific vital signs such as heart rate, blood pressure, temperature, etc., are not provided in the clinical note."
        },
        "question9": {
            "question": "What findings are mentioned in the patient's assessment and plan? Answer correctly",
            "openai_answer": "The findings mentioned in the patient's assessment and plan include:\n- Patient is presenting with medication review due.\n- Patient was given the following immunizations: hep b, adolescent or pediatric."
        },
        "question10": {
            "question": "What follow-up care is planned for the patient? Answer correctly",
            "openai_answer": "The follow-up care planned for the patient includes administering the following immunizations: ipv, influenza, seasonal, injectable, preservative free, dtap, pneumococcal conjugate pcv 13, and hep b. Additionally, medication reconciliation was conducted as a procedure."
        }
    }
}