{
    "question_answering": {
        "question1": {
            "question": "What allergies does the patient have? Answer correctly",
            "openai_answer": "The patient has No Known Allergies."
        },
        "question2": {
            "question": "What medications is the patient currently taking? Answer correctly",
            "openai_answer": "Based on the information provided in the clinical note, the patient is currently not taking any active medications."
        },
        "question3": {
            "question": "What immunizations has the patient received? Answer correctly",
            "openai_answer": "The patient has received the following immunizations:\n\n- Influenza, seasonal, injectable, preservative-free\n- HPV, quadrivalent"
        },
        "question4": {
            "question": "What is the patient's primary diagnosis? Answer correctly",
            "openai_answer": "The patient's primary diagnosis is acute viral pharyngitis."
        },
        "question5": {
            "question": "What procedures were conducted on the patient? Answer correctly",
            "openai_answer": "The procedures conducted on the patient include:\n\n1. Medication reconciliation\n2. Depression screening\n3. Depression screening using Patient Health Questionnaire nine-item score\n4. Assessment of substance use\n5. Assessment using CAR, RELAX, ALONE, FORGET, FRIENDS, TROUBLE screening test\n6. Health risks education"
        },
        "question6": {
            "question": "What treatments have been administered during the recent visit? Answer correctly",
            "openai_answer": "During the recent visit, the patient was administered the following treatments:\n\n- Immunizations: influenza, seasonal, injectable, preservative free, HPV quadrivalent\n- Procedures: \n  - Medication reconciliation\n  - Depression screening\n  - Depression screening using Patient Health Questionnaire nine item score\n  - Assessment of substance use\n  - Assessment using CARF, Relax, Alone, Forget, Friends, Trouble screening test\n  - Health risks education"
        },
        "question7": {
            "question": "What is the patient's history of present illness? Answer correctly",
            "openai_answer": "The patient's history of present illness includes a history of medication review due to a certain situation and acute viral pharyngitis. There are no specific complaints mentioned in the note."
        },
        "question8": {
            "question": "What are the patient's vital info? Answer correctly",
            "openai_answer": "The patient's vital information based on the provided clinical note includes:\n\n- Allergies: No known allergies\n- Medications: No active medications\n- Immunizations received: Influenza, seasonal, injectable, preservative free, HPV quadrivalent\n- Procedures conducted: Medication reconciliation, depression screening, assessment of substance use, health risks education\n- Date of Clinical Note: August 25, 2023\n- Doctor: Dr. Joanna Abbott\n- Organization: Lahey Hospital & Medical Center, Burlington"
        },
        "question9": {
            "question": "What findings are mentioned in the patient's assessment and plan? Answer correctly",
            "openai_answer": "The findings mentioned in the patient's assessment and plan are:\n1. Medication review due\n2. Risk activity involvement\n\nAdditionally, the following procedures were conducted for the patient:\n- Medication reconciliation\n- Depression screening\n- Depression screening using Patient Health Questionnaire nine-item score\n- Assessment of substance use\n- Assessment using CARF screening test\n- Health risks education\n\nThe patient also received the following immunizations:\n- Influenza, seasonal, injectable, preservative-free\n- HPV quadrivalent"
        },
        "question10": {
            "question": "What follow-up care is planned for the patient? Answer correctly",
            "openai_answer": "The follow-up care planned for the patient includes:\n\n1. Immunizations given:\n   - Influenza\n   - Seasonal\n   - Injectable, preservative-free\n   - HPV quadrivalent\n\n2. Procedures conducted:\n   - Medication reconciliation\n   - Depression screening\n   - Depression screening using Patient Health Questionnaire Nine Item Score\n   - Assessment of substance use\n   - Assessment using CAR, Relax, Alone, Forget, Friends, Trouble screening test\n   - Health risks education\n\nThe patient is recommended to follow up for further monitoring and management as per the assessment and plan provided."
        }
    }
}