{
    "question_answering": {
        "question1": {
            "question": "What allergies does the patient have? Answer correctly",
            "openai_answer": "The patient has no known allergies."
        },
        "question2": {
            "question": "What medications is the patient currently taking? Answer correctly",
            "openai_answer": "The patient is currently taking acetaminophen 325 mg oral tablets."
        },
        "question3": {
            "question": "What immunizations has the patient received? Answer correctly",
            "openai_answer": "The patient has received the following immunizations:\n\n1. Influenza\n2. Seasonal\n3. Injectable\n4. Preservative free\n\nThese immunizations were administered as part of the patient's healthcare on the date of the clinical note, which is 2022-10-09."
        },
        "question4": {
            "question": "What is the patient's primary diagnosis? Answer correctly",
            "openai_answer": "The primary diagnosis for this patient is viral sinusitis."
        },
        "question5": {
            "question": "What procedures were conducted on the patient? Answer correctly",
            "openai_answer": "The procedures conducted on the patient include:\n1. Assessment of health and social care needs\n2. Assessment of anxiety\n3. Depression screening\n4. Depression screening using patient health questionnaire two-item score\n5. Assessment of substance use\n6. Assessment using alcohol use disorders identification test - consumption"
        },
        "question6": {
            "question": "What treatments have been administered during the recent visit? Answer correctly",
            "openai_answer": "The treatments administered during the recent visit include:\n\n1. Medication:\n- Acetaminophen 325 mg oral tablet\n\n2. Immunizations:\n- Influenza, seasonal, injectable, preservative-free\n\n3. Procedures conducted:\n- Assessment of health and social care needs\n- Assessment of anxiety"
        },
        "question7": {
            "question": "What is the patient's history of present illness? Answer correctly",
            "openai_answer": "The patient's history of present illness includes being a 28-year-old non-Hispanic black male presenting with prediabetes."
        },
        "question8": {
            "question": "What are the patient's vital info? Answer correctly",
            "openai_answer": "The patient's vital information is as follows:\n- Social History:\n  - Marital Status: Married\n  - Smoking History: Never smoked\n  - Sexual Orientation: Heterosexual\n  - Socioeconomic Background: Middle class\n  - Education: Completed some college courses\n  - Insurance: Medicaid\n\n- Allergies: No Known Allergies\n\n- Medications: No Active Medications\n\n- Immunizations given:\n  - Influenza (seasonal, injectable, preservative free)\n  - Hepatitis A (adult)\n\n- Procedures Conducted:\n  - Assessment of health and social care needs\n  - Assessment of anxiety\n  - Depression screening\n  - Depression screening using patient health questionnaire two-item score"
        },
        "question9": {
            "question": "What findings are mentioned in the patient's assessment and plan? Answer correctly",
            "openai_answer": "The findings mentioned in the patient's assessment and plan include:\n- Immunizations given: influenza, seasonal, injectable, preservative free, hep a, adult\n- Procedures conducted:\n  - Assessment of health and social care needs\n  - Assessment of anxiety\n  - Depression screening\n  - Depression screening using patient health questionnaire two-item score\n  - Assessment of substance use\n  - Assessment using alcohol use disorders identification test - consumption\n\nThese are the specific findings documented in the patient's assessment and plan during the clinical note on July 12, 2018."
        },
        "question10": {
            "question": "What follow-up care is planned for the patient? Answer correctly",
            "openai_answer": "The follow-up care planned for the patient includes monitoring of their immunizations, specifically influenza, seasonal, injectable, preservative-free, and hep A for adults. Additionally, the patient underwent several procedures including assessment of health and social care needs, assessment of anxiety, depression screening, assessment of substance use, and assessment using the alcohol use disorders identification test - consumption. This follow-up care aims to address the patient's overall health and well-being."
        }
    }
}