{
    "question_answering": {
        "question1": {
            "question": "What allergies does the patient have? Answer correctly",
            "openai_answer": "The patient has no known allergies based on the provided clinical note."
        },
        "question2": {
            "question": "What medications is the patient currently taking? Answer correctly",
            "openai_answer": "The patient is currently taking naproxen sodium 220 mg oral tablets."
        },
        "question3": {
            "question": "What immunizations has the patient received? Answer correctly",
            "openai_answer": "The patient has received the following immunizations:\n- Covid-19 mRNA LNp-S PF, 30 mcg/0.3 ml dose."
        },
        "question4": {
            "question": "What is the patient's primary diagnosis? Answer correctly",
            "openai_answer": "Primary Diagnosis: Not specified in the provided clinical note."
        },
        "question5": {
            "question": "What procedures were conducted on the patient? Answer correctly",
            "openai_answer": "No procedures were conducted on the patient as per the provided clinical note. The patient was prescribed naproxen sodium 220 mg oral tablet and placed on a physiotherapy care plan."
        },
        "question6": {
            "question": "What treatments have been administered during the recent visit? Answer correctly",
            "openai_answer": "During the recent visit, the patient was given the following treatments:\n\n- Medication: naproxen sodium 220 mg oral tablet\n- Immunizations: influenza, seasonal, injectable, preservative free, td (adult), 5 lf tetanus toxoid, preservative free, adsorbed\n- Procedures:\n  - Medication reconciliation\n  - Assessment of health and social care needs\n  - Depression screening\n  - Depression screening using patient health questionnaire two-item score\n  - Assessment of substance use\n  - Assessment using alcohol use disorders identification test - consumption"
        },
        "question7": {
            "question": "What is the patient's history of present illness? Answer correctly",
            "openai_answer": "The patient's history of present illness indicates that Harrison106 is a 22-year-old male with a history of full-time employment and social isolation. The patient is married, quit smoking at age 17, and identifies as heterosexual. Harrison106 has no current insurance, comes from a middle socioeconomic background, and has a high school education. There are no known allergies, and the patient is not currently taking any medications."
        },
        "question8": {
            "question": "What are the patient's vital info? Answer correctly",
            "openai_answer": "Patient's vital information based on the provided clinical note:\n- Name: Harrison106\n- Age: 22 years old\n- Gender: Male\n- Ethnicity: Non-Hispanic\n- Marital Status: Married\n- Smoking History: Quit smoking at age 17\n- Sexual Orientation: Heterosexual\n- Socioeconomic Background: Middle class\n- Education: High school\n- Insurance Status: No Insurance\n- Allergies: No Known Allergies\n- Active Medications: naproxen sodium 220 mg oral tablet\n\nPlease note that vital signs such as blood pressure, heart rate, temperature, and respiratory rate are not provided in the clinical note."
        },
        "question9": {
            "question": "What findings are mentioned in the patient's assessment and plan? Answer correctly",
            "openai_answer": "The findings mentioned in the patient's assessment and plan are:\n- History of full-time employment\n- Social isolation\n- Middle socioeconomic background\n- High school education\n- No active medications\n- Naproxen sodium 220 mg oral tablet prescribed\n- Physiotherapy care plan prescribed"
        },
        "question10": {
            "question": "What follow-up care is planned for the patient? Answer correctly",
            "openai_answer": "The patient was prescribed naproxen sodium 220 mg oral tablet and placed on a physiotherapy care plan. Follow-up care for the patient may include monitoring the response to the prescribed medication, assessing the effectiveness of the physiotherapy care plan, evaluating any improvements in symptoms or mobility, and addressing any new developments or concerns that may arise during the course of treatment. Additionally, given the patient's lack of insurance, it may be important to discuss potential financial assistance programs or resources for ongoing care."
        }
    }
}