{
    "question_answering": {
        "question1": {
            "question": "What allergies does the patient have? Answer correctly",
            "openai_answer": "The patient does not have any known allergies."
        },
        "question2": {
            "question": "What medications is the patient currently taking? Answer correctly",
            "openai_answer": "The patient is currently taking ibuprofen 100 mg oral tablets."
        },
        "question3": {
            "question": "What immunizations has the patient received? Answer correctly",
            "openai_answer": "The patient has received the following immunizations:\n1. Hib (PRP-OMP) - Haemophilus influenzae type b\n2. Rotavirus\n3. Monovalent\n4. IPV - Inactivated Polio Vaccine\n5. DTaP - Diphtheria, Tetanus, and Acellular Pertussis Vaccine\n6. Pneumococcal conjugate PCV 13 - Pneumococcal conjugate vaccine\n\nThese immunizations were given during the current medical visit noted in the clinical record, dated 2018-11-10."
        },
        "question4": {
            "question": "What is the patient's primary diagnosis? Answer correctly",
            "openai_answer": "The patient's primary diagnosis is a sprain of the ankle."
        },
        "question5": {
            "question": "What procedures were conducted on the patient? Answer correctly",
            "openai_answer": "The procedures conducted on the patient on 2020-09-19 were medication reconciliation."
        },
        "question6": {
            "question": "What treatments have been administered during the recent visit? Answer correctly",
            "openai_answer": "During the recent visit on 2021-01-09, the following treatments were administered:\n\n1. Immunizations:\n   - Hepatitis A\n   - Ped/Adol, 2 dose\n\n2. Procedures:\n   - Medication reconciliation\n\nAdditionally, the patient is currently taking ibuprofen 100 mg oral tablets."
        },
        "question7": {
            "question": "What is the patient's history of present illness? Answer correctly",
            "openai_answer": "The patient's history of present illness is that they are a 1 year-old non-Hispanic white female with a history of medication review due."
        },
        "question8": {
            "question": "What are the patient's vital info? Answer correctly",
            "openai_answer": "Patient's Vital Info:\n\n- Name: Iva908\n- Age: 2 years old\n- Gender: Female\n- Ethnicity: Non-Hispanic White\n- Allergies: No known allergies\n- Medications: Ibuprofen 100 mg oral tablet\n- Insurance: UnitedHealthcare\n- Immunizations: Hep A, Ped/Adol (2 doses)\n- Procedures Conducted: Medication reconciliation\n- Doctor: Dr. Tyron580 Littel644\n\nPlease note that the information is based on the provided medical notes."
        },
        "question9": {
            "question": "What findings are mentioned in the patient's assessment and plan? Answer correctly",
            "openai_answer": "In the patient's assessment and plan, the following findings are mentioned:\n\n1. The patient was given the following immunizations: hib (prp-omp), rotavirus, monovalent, ipv, dtap, pneumococcal conjugate pcv 13.\n\nThe assessment and plan section seems to focus mainly on the immunizations provided to the patient."
        },
        "question10": {
            "question": "What follow-up care is planned for the patient? Answer correctly",
            "openai_answer": "There is no specific mention of follow-up care in the provided text. However, based on the information provided in the clinical note, since the patient is presenting with a medication review due situation, the planned follow-up care may involve reviewing and adjusting the patient's medications as needed. This might include monitoring the patient's response to any changes made during the medication reconciliation procedure and ensuring proper management of their health condition. It is important to consult with the treating healthcare provider for a detailed plan of follow-up care for the patient."
        }
    }
}