{
    "question_answering": {
        "question1": {
            "question": "What allergies does the patient have? Answer correctly",
            "openai_answer": "The patient has No Known Allergies."
        },
        "question2": {
            "question": "What medications is the patient currently taking? Answer correctly",
            "openai_answer": "The patient is currently taking amoxicillin 250 mg / clavulanate 125 mg oral tablet."
        },
        "question3": {
            "question": "What immunizations has the patient received? Answer correctly",
            "openai_answer": "The patient has received the following immunizations:\n\n1. Covid-19\n2. mRNA\n3. LNP-s\n4. PF\n\nThe doses administered were either 100 mcg/0.5ml or 50 mcg/0.25ml."
        },
        "question4": {
            "question": "What is the patient's primary diagnosis? Answer correctly",
            "openai_answer": "The patient's primary diagnosis is viral sinusitis."
        },
        "question5": {
            "question": "What procedures were conducted on the patient? Answer correctly",
            "openai_answer": "The procedures conducted on the patient based on the provided clinical note are as follows:\n1. Assessment of health and social care needs\n2. Assessment of anxiety\n3. Depression screening\n4. Depression screening using patient health questionnaire two-item score\n5. Assessment of substance use\n6. Screening for drug abuse"
        },
        "question6": {
            "question": "What treatments have been administered during the recent visit? Answer correctly",
            "openai_answer": "The treatments administered during the recent visit include:\n\n- Immunizations: influenza, seasonal, injectable, preservative free\n- Procedures conducted:\n  - Assessment of health and social care needs\n  - Assessment of anxiety\n  - Depression screening\n  - Depression screening using Patient Health Questionnaire two-item score\n  - Assessment of substance use\n  - Screening for drug abuse"
        },
        "question7": {
            "question": "What is the patient's history of present illness? Answer correctly",
            "openai_answer": "The patient's history of present illness is not clearly documented in the provided text. The chief complaint is stated as \"No complaints,\" and there is no specific information regarding any current medical issues or symptoms the patient may be experiencing. The social history and other details provided focus on the patient's background, habits, and demographics rather than their present illness."
        },
        "question8": {
            "question": "What are the patient's vital info? Answer correctly",
            "openai_answer": "The patient's vital information is as follows:\n- Name: Jerrod232\n- Age: 29 years\n- Ethnicity: Non-Hispanic white\n- Marital status: Single\n- Smoking history: Never smoked\n- Alcohol consumption: Alcoholic\n- Sexual orientation: Heterosexual\n- Socioeconomic background: High\n- Education: Some college courses\n- Insurance status: None"
        },
        "question9": {
            "question": "What findings are mentioned in the patient's assessment and plan? Answer correctly",
            "openai_answer": "The findings mentioned in the patient's assessment and plan are:\n1. Body mass index 30+ - obesity\n2. Victim of intimate partner abuse"
        },
        "question10": {
            "question": "What follow-up care is planned for the patient? Answer correctly",
            "openai_answer": "The follow-up care planned for the patient includes:\n\n1. Continued monitoring and management of obesity with a body mass index of 30+\n2. Follow-up and support for being a victim of intimate partner abuse\n3. Monitoring and addressing any immunization-related side effects\n4. Ongoing assessment and monitoring of health and social care needs\n5. Follow-up on anxiety assessment results\n6. Follow-up on depression screening results using the Patient Health Questionnaire two-item score\n7. Continued assessment and support for substance use issues\n8. Continued screening for drug abuse\n\nIt is important to provide comprehensive and personalized care for the patient's physical and mental health needs."
        }
    }
}